Polymer Type,Material Composition, Density (g/cm³), Tensile Strength (MPa),ElongationatBreak(%),Hardness(ShoreD),Corrosion Resistance ,CorrosionRate(mm/year),CorrosionTestResults,Temperature(°C),Humidity (%),Inspection Method, Inspection Results ,Maintenance Actions,Service Life (years),Exposure to Chemicals,Safety Ratings ,TypeofDamage,ExtentofDamage,CoatingType,Coating Thickness (microns),CoatingCondition,EnvironmentalRegulations,ImprovementSuggestions,InhibitorType,Inhibitor_Concentration,SustainabilityMetrics
Polymer,Polyethylene       ,0.92,25.3,400,75,High     ,0.005,Passed,-10to50,60,Visual       ,No issues detected   ,Cleaning,10,Acrylic Coating ,A+,Abrasion,Low,Epoxy Coating ,50,Good,Yes,ImproveUVresistance,CorrosionInhibitorX,2%,0.9
Bio-Polymer,Biodegradable Blend,1.05,18.8,350,80,Moderate ,0.002,Passed,5to40,75,NDT          ,No defects found     ,Acrylic Coating ,8,Acrylic Coating ,A ,Chemical Attack,Moderate, Poly-Lactic Acid Coating  ,30,Fair,Yes,Improveimpactstrength,CorrosionInhibitorY,1.50%,0.85
Polymer,PVC                ,1.35,40.5,300,85,Low      ,0.01,Failed,0to60,80,Visual       ,Surface cracks       ,Patching,12,Moderate, B,Impact,High,Polyurethane,40,Poor,Yes,Enhancechemicalresistance,CorrosionInhibitorZ,2.20%,0.92
Bio-Polymer,BioPoly            ,1.15,22,380,78,Moderate ,0.003,Passed,5to35,65,Eddy Current ,No issues detected   ,Acrylic Coating ,9,Low , A+ ,Acrylic Coating ,Acrylic Coating ,Acrylic Coating ,30,Acrylic Coating ,Yes,Acrylic Coating ,Acrylic Coating ,0%,0.95
Polymer,Polypropylene      ,0.91,28.2,420,73,High     ,0.006,Passed,-5to55,50,Visual       ,Minimal wear         ,Cleaning,7,Acrylic Coating ,A ,Wear,Low,Polyethylene,45,Excellent,Yes,Improvechemicalresistance,CorrosionInhibitorX,1.80%,0.88
Bio-Polymer, Poly-Lactic Acid Coating   Blend          ,1.02,16.5,340,82,Low      ,0.001,Passed,10to45,70,Visual       ,No issues detected   ,Acrylic Coating ,6,Acrylic Coating ,A ,Acrylic Coating ,Acrylic Coating ,Acrylic Coating ,45,Acrylic Coating ,Yes,Improveimpactstrength,CorrosionInhibitorY,1.50%,0.85
Polymer,HDPE               ,0.94,26.8,390,76,High     ,0.004,Passed,-15to60,55,Eddy Current ,No issues detected   ,Acrylic Coating ,8,Acrylic Coating ,A+,Acrylic Coating ,Acrylic Coating ,Acrylic Coating ,45,one,Yes,Acrylic Coating ,CorrosionInhibitorX,2%,0.94
Bio-Polymer,PHA Blend          ,1.1,20.3,360,79,Moderate ,0.002,Passed,0to50,65,Visual       ,Minor discoloration  ,Cleaning,7,Low , A,Discoloration,Low, Poly-Lactic Acid Coating  ,35,Good,Yes,ImproveUVresistance,CorrosionInhibitorY,1.70%,0.89
Polymer,PET                ,1.3,38.6,310,87,High     ,0.008,Passed,-20to55,40,NDT          ,No defects found     ,Acrylic Coating ,11,Acrylic Coating ,B ,Impact,Moderate,Polyurethane,38,Fair,Yes,Enhancechemicalresistance,CorrosionInhibitorZ,2.00%,0.93
Bio-Polymer,PBAT               ,1.08,19.2,370,81,Moderate ,0.002,Passed,5to30,60,Visual       ,No issues detected   ,Acrylic Coating ,9,Acrylic Coating ,A ,Acrylic Coating ,Acrylic Coating ,Acrylic Coating ,48,Acrylic Coating ,Yes,Acrylic Coating ,Acrylic Coating ,0%,0.96
Polymer,Nylon          ,1.12,30.4,350,78,Moderate ,0.003,Passed,0to40,55,Visual      ,No issues detected      ,Cleaning,8, Low, A ,Abrasion,Low,Epoxy Coating ,50,Good,Yes,Enhancewearresistance,CorrosionInhibitorX,1.90%,0.92
Bio-Polymer,PHBV           ,1.18,21.8,360,80,High     ,0.001,Passed,0to35,65,NDT         ,No defects found        ,Acrylic Coating ,7, Acrylic Coating  ,A,Chemical Attack,Low, Poly-Lactic Acid Coating  ,30,Fair,Yes,Improvechemicalresistanc,CorrosionInhibitorY,1.60%,0.95
Polymer,PEEK           ,1.32,45.2,320,85,High     ,0.005,Passed,-10to50,50,Visual      ,No issues detected      ,Cleaning,9, Acrylic Coating  ,A+ ,Acrylic Coating ,Acrylic Coating ,Acrylic Coating ,40,Acrylic Coating ,Yes,Improvescratchresistance,CorrosionInhibitorZ,2.10%,0.93
Bio-Polymer,PHA            ,1.05,19.6,380,79,Moderate ,0.002,Passed,5to40,70,Eddy Current,Minor surface scratches ,Polishing ,8, Acrylic Coating  ,A,Scratches,Low, Poly-Lactic Acid Coating  ,45,Good,Yes,EnhanceUVresistance,Acrylic Coating ,0%,0.87
Polymer,Fluoropolymer  ,2.15,28.9,300,90,VeryHigh,0.0005,Passed,-30to150,40,Visual      ,No issues detected      ,Cleaning,11, Acrylic Coating  ,A+ ,Acrylic Coating ,Acrylic Coating ,Acrylic Coating ,45,Acrylic Coating ,Yes,ImproveUVresistance,CorrosionInhibitorX,2.20%,0.92
Bio-Polymer, Poly-Lactic Acid Coating  -PBAT Blend ,1,23.7,370,81,Moderate ,0.002,Passed,0to40,65,Visual      ,No issues detected  , Cleaning ,9, Acrylic Coating  , A,Acrylic Coating ,Acrylic Coating ,Acrylic Coating ,38,Acrylic Coating ,Yes,Improveimpactstrength,CorrosionInhibitorY,1.90%,0.92
Bio-Polymer, Poly-Lactic Acid Coating  -PBAT Blend ,1.14,35.5,320,88,VeryHigh,0.0002,Passed,-20to80,45,NDT         ,No issues detected  , Acrylic Coating  ,10, Acrylic Coating  , A+ ,Acrylic Coating ,Acrylic Coating ,Acrylic Coating ,59,Acrylic Coating ,Yes,Enhancechemicalresistance,CorrosionInhibitorX,1.60%,0.95
Polymer,PVDF           ,1.78,20.5,350,80,Moderate ,0.001,Passed,5to35,70,Visual      ,No defects found    , Acrylic Coating  ,8, Acrylic Coating  , A,Acrylic Coating ,Acrylic Coating , Poly-Lactic Acid Coating  ,35,Yes,Yes,Acrylic Coating ,CorrosionInhibitorY,2.10%,0.93
Bio-Polymer,PHA-PBAT Blend ,1.1,32.8,340,85,High     ,0.003,Passed,-10to60,60,Eddy Current,Minor discoloration , Cleaning ,9, Low,A+,Discoloration,Low,Epoxy Coating ,38,Good,Yes,Improvechemicalresistance,CorrosionInhibitorZ,0%,0.87
Polymer,ECTFE          ,1.7,25.1,360,82,Moderate ,0.002,Passed,5to40,65,Visual      ,No issues detected  , Acrylic Coating  ,8, Acrylic Coating  , A,Acrylic Coating ,Acrylic Coating ,Acrylic Coating ,38,Good,Yes,Improveimpactstrength,Acrylic Coating ,2.20%,0.92
Bio-Polymer, Poly-Lactic Acid Coating  -PBS Blend  ,1.16,34.5,330,87,VeryHigh,0.0003,Passed,-20to85,50,Visual      ,No issues detected     , Cleaning,10,Acrylic Coating  ,A+ ,Acrylic Coating ,Acrylic Coating ,Acrylic Coating ,50,Acrylic Coating ,Yes,Acrylic Coating ,CorrosionInhibitorX,1.90%,0.92
Polymer,PPSU               ,1.78,22.3,360,80,Moderate ,0.002,Passed,5to35,70,Eddy Current,No defects found       , Acrylic Coating ,8,Acrylic Coating  ,A,Acrylic Coating ,Acrylic Coating ,Acrylic Coating ,30,Acrylic Coating ,Yes,ImproveUVresistance,CorrosionInhibitorY,1.60%,0.95
Bio-Polymer, Poly-Lactic Acid Coating  -PHA Blend      ,1.12,33.1,340,86,High     ,0.002,Passed,-15to70,55,NDT         ,No issues detected     , Cleaning,9,Acrylic Coating  ,A+ ,Acrylic Coating ,Acrylic Coating ,Acrylic Coating ,40,Acrylic Coating ,Yes,Enhancechemicalresistance,CorrosionInhibitorZ,2.10%,0.93
Polymer,ETFE               ,1.72,20.9,350,81,Moderate ,0.001,Passed,5to40,65,Visual      ,Minor surface scratches, Polishing ,8,Acrylic Coating  ,A,Scratches,Low, Poly-Lactic Acid Coating  ,38,Acrylic Coating ,Yes,Acrylic Coating ,Acrylic Coating ,0%,0.87
Bio-Polymer,PBS                ,1.18,33.2,330,87,VeryHigh,0.0004,Passed,-20to80,50,Eddy Current,No issues detected     , Cleaning,10,Acrylic Coating  ,A+ ,Acrylic Coating ,Acrylic Coating ,Acrylic Coating ,45,Acrylic Coating ,Yes,Enhancewearresistance,CorrosionInhibitorX,2.20%,0.92
Polymer,PPS                ,1.76,26.5,360,87,VeryHigh,,,,,,,,,,,,,,,,,Improvechemicalresistanc,CorrosionInhibitorY,0%,0.94
